<?xml version="1.0" encoding="UTF-8" ?> 
<!DOCTYPE project PUBLIC "project" "project.dtd" >
<project version="1.0" >
  <set param="PCW::UART0::PERIPHERAL::ENABLE" value="0" />
  <set param="PCW::UART1::PERIPHERAL::ENABLE" value="1" />
  <set param="PCW::UART1::UART1::IO" value="MIO 48 .. 49" />
  <set param="PCW::I2C0::PERIPHERAL::ENABLE" value="1" />
  <set param="PCW::I2C0::I2C0::IO" value="MIO 50 .. 51" />
  <set param="PCW::MIO::MIO[48]::IOTYPE" value="LVCMOS 1.8V" />
  <set param="PCW::MIO::MIO[48]::PULLUP" value="disabled" />
  <set param="PCW::MIO::MIO[49]::IOTYPE" value="LVCMOS 1.8V" />
  <set param="PCW::MIO::MIO[49]::PULLUP" value="disabled" />
  <set param="PCW::MIO::MIO[50]::IOTYPE" value="LVCMOS 1.8V" />
  <set param="PCW::MIO::MIO[51]::IOTYPE" value="LVCMOS 1.8V" />
  <set param="PCW::UIPARAM::DDR::MEMORY_TYPE" value="DDR 3" />
  <set param="PCW::UIPARAM::DDR::BL" value="8" />
  <set param="PCW::UIPARAM::DDR::DRAM_WIDTH" value="8 Bits" />
  <set param="PCW::UIPARAM::DDR::DEVICE_CAPACITY" value="2048 MBits" />
  <set param="PCW::UIPARAM::DDR::SPEED_BIN" value="DDR3_1066F" />
  <set param="PCW::UIPARAM::DDR::FREQ_MHZ" value="533.333313" />
  <set param="PCW::UIPARAM::DDR::CL" value="7" />
  <set param="PCW::UIPARAM::DDR::CWL" value="6" />
  <set param="PCW::UIPARAM::DDR::T_RCD" value="7" />
  <set param="PCW::UIPARAM::DDR::T_RP" value="7" />
  <set param="PCW::UIPARAM::DDR::T_RC" value="48.91" />
  <set param="PCW::UIPARAM::DDR::T_RAS_MIN" value="34.0" />
  <set param="PCW::UIPARAM::DDR::T_FAW" value="25.0" />
  <set param="PCW::UIPARAM::DDR::DQS_TO_CLK_DELAY_0" value="0.217" />
  <set param="PCW::UIPARAM::DDR::DQS_TO_CLK_DELAY_1" value="0.133" />
  <set param="PCW::UIPARAM::DDR::DQS_TO_CLK_DELAY_2" value="0.089" />
  <set param="PCW::UIPARAM::DDR::DQS_TO_CLK_DELAY_3" value="0.248" />
  <set param="PCW::UIPARAM::DDR::PARTNO" value="MT41J256M8 DA-107" />
  <set param="PCW::UIPARAM::DDR::TRAIN_WRITE_LEVEL" value="1" />
  <set param="PCW::UIPARAM::DDR::TRAIN_READ_GATE" value="1" />
  <set param="PCW::UIPARAM::DDR::TRAIN_DATA_EYE" value="1" />
  <set param="PCW::UIPARAM::DDR::USE_INTERNAL_VREF" value="1" />
  <set param="PCW::UIPARAM::DDR::BOARD_DELAY0" value="0.537" />
  <set param="PCW::UIPARAM::DDR::BOARD_DELAY1" value="0.442" />
  <set param="PCW::UIPARAM::DDR::BOARD_DELAY2" value="0.464" />
  <set param="PCW::UIPARAM::DDR::BOARD_DELAY3" value="0.521" />
  <set param="PCW::PRESET::GLOBAL::CONFIG" value="Default" />
  <set param="PCW::PRESET::GLOBAL::DEFAULT" value="powerup" />
  <set param="PCW::CRYSTAL::PERIPHERAL::FREQMHZ" value="33.33" />
  <set param="PCW::APU::PERIPHERAL::FREQMHZ" value="666.6" />
  <set param="PCW::APU::CLK_RATIO::ENABLE" value="6:2:1" />
  <set param="PCW::DCI::PERIPHERAL::FREQMHZ" value="10.157" />
  <set param="PCW::PCAP::PERIPHERAL::FREQMHZ" value="199.98" />
  <set param="PCW::FPGA0::PERIPHERAL::FREQMHZ" value="150.000000" />
  <set param="PCW::FPGA1::PERIPHERAL::FREQMHZ" value="75.000000" />
  <set param="PCW::FPGA2::PERIPHERAL::FREQMHZ" value="200.000000" />
  <set param="PCW::FPGA3::PERIPHERAL::FREQMHZ" value="49.995" />
  <set param="PCW::SMC::PERIPHERAL::FREQMHZ" value="100" />
  <set param="PCW::SDIO::PERIPHERAL::FREQMHZ" value="125" />
  <set param="PCW::UART::PERIPHERAL::FREQMHZ" value="50" />
  <set param="PCW::SPI::PERIPHERAL::FREQMHZ" value="166.666666" />
  <set param="PCW::CAN::PERIPHERAL::FREQMHZ" value="100" />
  <set param="PCW::PRESET::BANK0::VOLTAGE" value="LVCMOS 1.8V" />
  <set param="PCW::PRESET::BANK1::VOLTAGE" value="LVCMOS 1.8V" />
</project>
